Product_Title,Price,Brand,Currency,PreReduction_Price, Discount
Youth 530,52.25,New Balance,BHD,,
Youth Campus 00S,32.9,adidas Originals,BHD,46.50,-30%
Youth Copa Pure IV Club IN,13.78,Adidas,BHD,22.66,-40%
Tensaur Switch Shoes Kids,15.6,Adidas,BHD,20.49,-24%
Kids Handball Spezial,20.38,adidas Originals,BHD,30.24,-33%
Youth Gel-Nyc Gs,49.51,asics,BHD,52.36,-6%
Kids Copa Pure Iv League Tf,17.99,Adidas,BHD,32.41,-45%
Youth 408,24.7,New Balance,BHD,27.00,-9%
Kids Campus 00S C,20.95,adidas Originals,BHD,35.67,-42%
Youth Deportivo III TF,14.12,Adidas,BHD,18.32,-23%
Tensaur Comfort Shoes Kids,23.79,Adidas,BHD,,
Kids Breakbase,18.9,Adidas,BHD,22.66,-17%
Kids Runfalcon 5 El,16.39,Adidas,BHD,21.57,-25%
Air Jordan 1 Mid,40.52,Jordan,BHD,57.35,-30%
Youth Gazelle,21.63,adidas Originals,BHD,43.26,-50%
Kids Chuck Taylor All Star,17.99,CONVERSE,BHD,27.00,-34%
Youth Tensaur Run 3.0,11.95,Adidas,BHD,22.66,-48%
Kids Chuck Taylor All Star,14.91,CONVERSE,BHD,19.41,-24%
AIR MAX 270 BG,33.92,Nike,BHD,67.75,-50%
Youth Runfalcon 5 El,12.98,Adidas,BHD,21.57,-40%
Nike Jr. Tiempo Legend 10 Academy,13.78,Nike,BHD,35.67,-62%
Kids Smash 3.0 L V Ps,15.48,PUMA,BHD,21.57,-29%
Youth Runfalcon 5,18.78,Adidas,BHD,24.83,-25%
Infant Samba Og Cf El,23.91,adidas Originals,BHD,30.24,-21%
Youth Handball Spezial,35.4,adidas Originals,BHD,46.50,-24%
Youth Terrain Clogs,23.79,crocs,BHD,,
Infant Samba Og Cf El,21.4,adidas Originals,BHD,25.91,-18%
Youth Rickie,21.06,PUMA,BHD,21.57,-3%
Infant Adilette Estrap Buz,11.16,Adidas,BHD,13.98,-21%
Kids Runfalcon 5 El,16.39,Adidas,BHD,21.57,-25%
Air Jordan 1 Mid,40.52,Jordan,BHD,57.35,-30%
Kids Samba Og,32.9,adidas Originals,BHD,,
Kids Handball Spezial,35.17,adidas Originals,BHD,,
NIKE STAR RUNNER 5 GS,28.34,Nike,BHD,35.17,-20%
Tensaur Comfort Shoes Kids,14.8,Adidas,BHD,19.41,-24%
Youth Gazelle,28.69,adidas Originals,BHD,43.26,-34%
Kids Bounder,12.07,SKECHERS,BHD,16.48,-27%
Infant Vl Court 3.0 Cf,23.11,Adidas,BHD,24.93,-8%
Youth Gel-Nyc Gs,42.46,asics,BHD,48.78,-13%
Kids Duramo Sl2 El,17.87,Adidas,BHD,22.66,-22%
Kids Samba Og Cf El C,26.52,adidas Originals,BHD,35.67,-26%
Kids Duramo Sl2 El C,18.9,Adidas,BHD,22.66,-17%
Infant Duramo Sl2 El,17.64,Adidas,BHD,20.49,-14%
Infant Grand Court Mickey,17.07,Adidas,BHD,22.66,-25%
Infant Runfalcon 5 El,17.64,Adidas,BHD,19.41,-10%
Kids Go Run 400 V2,18.44,SKECHERS,BHD,,
Kids Chuck Taylor All Star,17.99,CONVERSE,BHD,27.00,-34%
Kids Campus 00S El C,22.08,adidas Originals,BHD,35.67,-39%
Kids Grand Court Spider-Man,20.26,Adidas,BHD,27.00,-25%
Kids Duramo Sl2 El,17.07,Adidas,BHD,22.66,-25%
Youth Grand Court 3.0,16.39,Adidas,BHD,22.66,-28%
Kids Barreda Decode Elsa,20.26,Adidas,BHD,27.00,-25%
Youth Gs Jet '25,25.04,UNDER ARMOUR,BHD,32.41,-23%
Kids Tensaur Comfort Ac,16.39,Adidas,BHD,21.57,-25%
Youth Runfalcon 5,18.9,Adidas,BHD,24.83,-24%
Kids Campus 00S C,20.95,adidas Originals,BHD,35.67,-42%
Kids Tensaur Comfort Ac,15.94,Adidas,BHD,21.57,-27%
Youth Handball Spezial,29.25,adidas Originals,BHD,46.50,-38%
Kids Tensaur Run 3.0 El,18.78,Adidas,BHD,19.41,-4%
Youth Fortarun 4.0,20.26,Adidas,BHD,28.08,-28%
Kids Bounder,15.71,SKECHERS,BHD,16.48,-5%
Youth Advantage Base 2.0,17.07,Adidas,BHD,22.66,-25%
Kids Club Ii Era V Ps,17.07,PUMA,BHD,25.91,-35%
Kids Grand Court Capt America El,16.96,Adidas,BHD,27.00,-38%
Infant Samba Crib,15.71,adidas Originals,BHD,20.49,-24%
Kids Adifom Samba 360 C,27.43,adidas Originals,BHD,35.67,-24%
Youth Graviton,16.62,PUMA,BHD,27.00,-39%
Youth Tensaur Run 3.0,11.95,Adidas,BHD,22.66,-48%
NIKE V5 RNR E BP,38.59,Nike,BHD,,
Youth 530,52.25,New Balance,BHD,,
Infant Vl Court 3.0 Cf,17.07,Adidas,BHD,22.66,-25%
Kids Grand Court 00S,22.2,Adidas,BHD,27.00,-18%
Youth Barreda Decode,18.33,Adidas,BHD,28.08,-35%
Youth Softride Cosmic Street Sliptech,19.46,PUMA,BHD,29.16,-34%
Kids Club Ii Era,21.29,PUMA,BHD,28.08,-25%
Kids Smash 3.0 L V Ps,9.79,PUMA,BHD,21.57,-55%
Youth Runfalcon 5,14.68,Adidas,BHD,24.83,-41%
Unisex Kids BMW M Motorsport Drift Cat Decima motorsport shoe,11.99,BMW Motorsport,BHD,37.51,-69%
Infant Campus 00S Cf El,20.03,adidas Originals,BHD,30.24,-34%
Kids Trinity 2 Lt,14.23,PUMA,BHD,27.00,-48%
Nike Metro Tek,14.91,Nike,BHD,37.83,-61%
Youth Anzarun Lite,15.48,PUMA,BHD,24.83,-38%
Kids Grand Court Minnie,12.52,Adidas,BHD,27.00,-54%
Infant Vl Court 3.0 Cf,23.68,Adidas,BHD,24.83,-5%
Kids Gel-1130 Ps,36.31,asics,BHD,36.32,-1%
Kids Vl Court 3.0,22.08,Adidas,BHD,25.91,-15%
Youth Rickie,14.8,PUMA,BHD,21.57,-32%
Kids All-Day Active Ac+ Ps,11.38,PUMA,BHD,20.49,-45%
Kids Deportivo Iii Tf,17.64,Adidas,BHD,18.32,-4%
Kids Handball Spezial,25.04,adidas Originals,BHD,32.41,-23%
Kids Gel-1130 Ps,39.27,asics,BHD,,
Kids Water Sandal Spider,22.65,Adidas,BHD,25.91,-13%
Youth Adizero Evo Sl,69.32,Adidas,BHD,,
Infant Gazellef El,18.21,adidas Originals,BHD,27.00,-33%
Infant Bubblecomfy,17.07,Adidas,BHD,20.49,-17%
AIR MAX 270 BG,33.92,Nike,BHD,67.75,-50%
NIKE COSMIC RUNNER TD,20.72,Nike,BHD,23.79,-13%
Infant Tensaur Comfort Ac,15.94,Adidas,BHD,19.41,-18%
Youth Duramo Sl2,18.56,Adidas,BHD,25.91,-29%
Infant Tensaur Switch Cf,14.68,Adidas,BHD,18.32,-20%
Kids Runfalcon 5 El,16.39,Adidas,BHD,21.57,-25%
Youth Runfalcon 5 El,12.98,Adidas,BHD,21.57,-40%
Nike Jr. Tiempo Legend 10 Academy,13.78,Nike,BHD,35.67,-62%
Kids Vl Court 3.0,19.13,Adidas,BHD,25.91,-27%
Kids Flexfocus Sliptech Ps,12.75,PUMA,BHD,19.41,-35%
Kids Tensaur Run 3.0 El,16.85,Adidas,BHD,22.66,-26%
Kids Smash 3.0 L V Ps,15.48,PUMA,BHD,21.57,-29%
Kids Rincon 4 Big Kids,49.51,Hoka,BHD,,
Youth Softride Cosmic Street Sliptech,19.46,PUMA,BHD,29.16,-34%
Kids Breakbase C,18.9,Adidas,BHD,22.66,-17%
Youth V5 Rnr Gs,46.55,Nike,BHD,,
Kids Club Ii Era,21.29,PUMA,BHD,28.08,-25%
Kids Smash 3.0 L V Ps,9.79,PUMA,BHD,21.57,-55%
Youth Cloud Play,58.05,On Running,BHD,,
Youth Runfalcon 5,14.68,Adidas,BHD,24.83,-41%
Kids Milano EVA  Narrow Fit Sandals,21.52,BIRKENSTOCK,BHD,,
Unisex Kids BMW M Motorsport Drift Cat Decima motorsport shoe,11.99,BMW Motorsport,BHD,37.51,-69%
Kids Classic Clogs,21.52,crocs,BHD,,
Infant Flexfocus Modern Ac+,19.24,PUMA,BHD,,
Nike Dunk Low,42.12,Nike,BHD,48.67,-14%
Kids Altaswim 3 C,14.68,Adidas,BHD,18.32,-20%
Infant Breaknet 3.0 Cf,15.94,Adidas,BHD,18.32,-14%
Kids Sunray Protect 4 Bp,21.63,Nike,BHD,24.83,-13%
Kids Trinity 2 Lt,14.23,PUMA,BHD,27.00,-48%
Kids Gel-1130 Ps,39.27,asics,BHD,,
Infant Tensaur Run 3.0 El,15.25,Adidas,BHD,20.49,-26%
Kids Handball Spezial,18.67,adidas Originals,BHD,30.24,-39%
Kids Crocband Cruiser Sandals,23.79,crocs,BHD,,
Infant Summerflex I,19.69,Adidas,BHD,22.66,-14%
Kids Gel-1130 Ps,31.87,asics,BHD,36.32,-13%
Nike Flex Runner 4,21.97,Nike,BHD,27.20,-20%
Kids Adilette Shower Logo,10.7,Adidas,BHD,12.90,-18%
Nike Metro Tek,14.91,Nike,BHD,37.83,-61%
Youth Samba Og,46.33,adidas Originals,BHD,46.50,-1%
Gs Official,18.1,UNDER ARMOUR,BHD,24.83,-28%
Infant Tensaur Run 3.0 El,15.6,Adidas,BHD,20.49,-24%
Youth Anzarun Lite,15.48,PUMA,BHD,24.83,-38%
Youth Gel-1130 Gs,43.26,asics,BHD,,
Kids Grand Court Minnie,12.52,Adidas,BHD,27.00,-54%
Youth Tensaur Switch,20.72,Adidas,BHD,22.66,-9%
Kids Adifom Samba 360 C,24.93,adidas Originals,BHD,43.26,-43%
Kids Pokemon Print Classic Clog,28.34,crocs,BHD,30.24,-7%
Infant Handball Spezial Cf,24.47,adidas Originals,BHD,27.00,-10%
Kids Adilette Aqua,8.31,Adidas,BHD,10.73,-23%
Infant Star Runner 5 Td,29.48,Nike,BHD,,
FORCE 1 LOW EASYON BP,44.28,Nike,BHD,,
578 Sports Shoes,21.52,New Balance,BHD,,
Kids Tensaur Run 3.0 El,16.74,Adidas,BHD,22.66,-27%
Youth Grand Court 3.0,20.49,Adidas,BHD,22.66,-10%
COURT BOROUGH MID 2 BPV,35.17,Nike,BHD,,
Kids Duramo Sl2 El,17.07,Adidas,BHD,22.66,-25%
Kids Samba Og,23.45,adidas Originals,BHD,30.24,-23%
Kids Barreda Decode El C,19.69,Adidas,BHD,22.66,-14%
Kids Gt-1000 14 Ps,34.15,asics,BHD,,
Kids Air Max 270 Bp,36.99,Nike,BHD,48.67,-24%
Youth Air Jordan 1 Mid Bg,67.04,Jordan,BHD,,
Youth Advantage Base 2.0,17.87,Adidas,BHD,22.66,-22%
Adilette Sandals,16.96,Adidas,BHD,,
Infant Samba Og Cf El,24.7,adidas Originals,BHD,25.91,-5%
Kids Old Skool V Sneakers,14.68,VANS,BHD,24.83,-41%
Youth Omni Multi-Court Gs,18.78,Nike,BHD,30.24,-38%
Kids Fortarun 4.0 El C,18.56,Adidas,BHD,25.91,-29%
Kids Fun Racer 2 Ac+ Ps,13.43,PUMA,BHD,18.32,-27%
Kids Go Run 400 V2,12.52,SKECHERS,BHD,16.48,-25%
Kids Leadcat 2.0,9.22,PUMA,BHD,12.90,-29%
Youth Breakbase,19.35,Adidas,BHD,25.91,-26%
Infant Chuck Taylor All Star Cribster,15.82,CONVERSE,BHD,16.15,-3%
Youth Breaknet 3.0,19.46,Adidas,BHD,22.66,-15%
Tensaur Hook and Loop Shoes,20.38,Adidas,BHD,,
Infant Grand Court Minnie,24.93,Adidas,BHD,,
Infant Grand Court 2.0,20.38,Adidas,BHD,,
Infant Lightorama Rnr El,19.13,Adidas,BHD,25.91,-27%
Nike Flex Runner 4,21.97,Nike,BHD,27.20,-20%
COURT BOROUGH LOW RECRAFT BPV,24.93,Nike,BHD,32.90,-25%
Youth Air Max Fire Gs,34.94,Nike,BHD,48.67,-29%
Infant Vl Court Woody Cf,24.93,Adidas,BHD,,
Kids Gel-Nyc Ps,37.11,asics,BHD,42.82,-14%
Kids Go Run 400 V2,12.29,SKECHERS,BHD,16.48,-26%
Infant Adifom Samba 360 I,19.01,adidas Originals,BHD,30.24,-38%
Kids Go Run 400 V2,18.44,SKECHERS,BHD,,
Kids Bounder,12.07,SKECHERS,BHD,16.48,-27%
Kids Microspec Velocity,15.48,SKECHERS,BHD,18.21,-16%
Infant Flexfocus Modern Ac+,19.24,PUMA,BHD,,
Youth Lightblaze,22.42,Adidas,BHD,32.41,-31%
Nike Flex Runner 4,22.42,Nike,BHD,29.48,-24%
Kids 530,49.97,New Balance,BHD,,
Kids Breakbase C,19.46,Adidas,BHD,22.66,-15%
JORDAN COURT CONNECT LOW BG,44.28,Jordan,BHD,,
Youth P-6000 Bg,42,Nike,BHD,55.66,-25%
Youth F50 Club TF,20.26,Adidas,BHD,25.91,-22%
Infant Campus 00S Cf El,21.29,adidas Originals,BHD,30.24,-30%
Infant Fun Racer 2 Ac+,9.56,PUMA,BHD,16.15,-41%
Youth Soft Wired 2 Sliptech Ps,15.71,PUMA,BHD,24.83,-37%
Youth P-6000 Bg,34.37,Nike,BHD,48.67,-30%
"Kids' Black Velcro Strap Sneakers Shoes - Easy-On, Day Fun for Little Explorers!",20.1,U.S. Polo Assn.,BHD,33.22,-40%
Kids Navy Low-Top Casual  Slip On Sneakers - Sleek Everyday Style and Comfort for Effortless Wear,22.48,U.S. Polo Assn.,BHD,40.37,-45%
Nike Air Max Nova,27.09,Nike,BHD,41.09,-35%
Kids Tensaur Comfort Ac,15.48,Adidas,BHD,21.57,-29%
Kids All-Day Active Ac+ Ps,15.03,PUMA,BHD,20.49,-27%
Youth Cosmic Runner Gs,21.17,Nike,BHD,30.24,-30%
Youth Suede Xl,40.87,PUMA,BHD,,
Infant Campus 00S Cf El,21.29,adidas Originals,BHD,30.24,-30%
Youth Soft Wired 2 Sliptech Ps,15.71,PUMA,BHD,24.83,-37%
Youth Dunk Low Retro Bttys,27.43,Nike,BHD,35.67,-24%
Adifom Adilette Slides Kids,20.6,adidas Originals,BHD,22.65,-10%
Youth P-6000 Bg,34.37,Nike,BHD,48.67,-30%
"Kids' Black Velcro Strap Sneakers Shoes - Easy-On, Day Fun for Little Explorers!",20.1,U.S. Polo Assn.,BHD,33.22,-40%
Youth Cosmic Runner Gs,35.17,Nike,BHD,,
Infant Tensaur Run 3.0 El,17.64,Adidas,BHD,18.32,-4%
Kids Navy Low-Top Casual  Slip On Sneakers - Sleek Everyday Style and Comfort for Effortless Wear,22.48,U.S. Polo Assn.,BHD,40.37,-45%
Infant Handball Spezial Cf,22.2,adidas Originals,BHD,27.00,-18%
Nike Air Max Nova,27.09,Nike,BHD,41.09,-35%
Kids Tensaur Comfort Ac,15.48,Adidas,BHD,21.57,-29%
Kids Arizona  BS Narrow Fit Sandals,28.34,BIRKENSTOCK,BHD,,
Kids Advantage Base 2.0,15.6,Adidas,BHD,20.49,-24%
Youth Flex Runner 4 Gs,21.06,Nike,BHD,27.00,-22%
Kids All-Day Active Ac+ Ps,15.03,PUMA,BHD,20.49,-27%
Youth Cosmic Runner Gs,21.17,Nike,BHD,30.24,-30%
Youth Court Borough Low Recraft Bg,31.3,Nike,BHD,44.28,-30%
Kids Adilette Estrap 2.0,12.07,Adidas,BHD,13.98,-14%
Kids P-6000 Bp,31.42,Nike,BHD,41.09,-24%
Kids Gel-Nyc Ps,41.66,asics,BHD,42.82,-3%
Youth Crocband Clogs,24.7,crocs,BHD,24.83,-1%
Youth Air Jordan 4 Rm Bg,32.44,Jordan,BHD,62.76,-49%
Youth Copa Pure IV Club FG,14.46,Adidas,BHD,22.66,-37%
Kids Fisherman Sandals,21.52,crocs,BHD,,
Kids Adilette Sandal 2,13.43,Adidas,BHD,15.07,-11%
Infant Handball Spezial,18.78,adidas Originals,BHD,27.00,-31%
Kids Tensaur Sport 3.0,15.71,Adidas,BHD,19.41,-20%
Youth Adilette Lumia,16.96,Adidas,BHD,,
Youth Omni Multi-Court Gs,26.64,Nike,BHD,35.17,-25%
COURT BOROUGH LOW RECRAFT BG,33.47,Nike,BHD,40.87,-19%
Youth Pegasus Trail 5 Gs,25.95,Nike,BHD,62.76,-59%
Tensaur Sport 2.0 Shoes,23.79,Adidas,BHD,,
Youth Flex Runner 4 Gs,22.42,Nike,BHD,29.48,-24%
Kids Star Runner 5 Ps,19.46,Nike,BHD,24.83,-22%
Infant Duramo Sl2 El,17.07,Adidas,BHD,20.49,-17%
Kids Mary Jane,26.75,VANS,BHD,27.00,-1%
Kids Lite Pro,14,SKECHERS,BHD,18.21,-24%
Infant Advantagef,20.38,Adidas,BHD,,
Kids Bounder Pro,12.75,SKECHERS,BHD,19.95,-37%
Youth Air Max Fire Gs,55.66,Nike,BHD,,
Tensaur Comfort Shoes Kids,19.46,Adidas,BHD,21.57,-10%
Kids Max Invigor Bp,44.28,Nike,BHD,,
Kids Evolve Run Sl Ac+ Ps,21.52,PUMA,BHD,,
Infant Crocband Clog Sandals,23.79,crocs,BHD,,
TEAM HUSTLE D 12 PS,38.59,Nike,BHD,,
Youth P-6000 Bg,55.66,Nike,BHD,,
Youth Fade Nitro Umbreon,39.27,PUMA,BHD,55.66,-30%
Air Jordan MVP 92,67.04,Jordan,BHD,,
Jordan Session,40.87,Jordan,BHD,,
Youth Air Force 1 Ess+ Bg,57.94,Nike,BHD,,
Youth Air Max Phoenix Bg,69.32,Nike,BHD,,
Infant Lightorama Court El,29.48,Adidas,BHD,,
Youth Air Jordan 4 Rm Bg,32.44,Jordan,BHD,62.76,-49%
Youth Copa Pure IV Club FG,14.46,Adidas,BHD,22.66,-37%
Kids Fisherman Sandals,21.52,crocs,BHD,,
Infant Handball Spezial,18.78,adidas Originals,BHD,27.00,-31%
Youth Pegasus Trail 5 Gs,25.95,Nike,BHD,62.76,-59%
Youth Star Runner 5 Gs,20.26,Nike,BHD,30.24,-34%
Kids Stellar Ride Psv,23.91,Nike,BHD,30.24,-21%
Infant Skechers Meteor-Lights,10.81,SKECHERS,BHD,18.32,-41%
Youth Campus 00S,30.16,adidas Originals,BHD,54.09,-45%
Youth Air Jordan 1 Low Se Uni Bg,43.26,Jordan,BHD,61.35,-30%
Infant Classic Clogs,18.1,crocs,BHD,,
Infant Grand Court Spider-Man Cf,24.93,Adidas,BHD,,
Jordan Flight Court,46.55,Jordan,BHD,,
Kids Runfalcon 6 El,23.79,Adidas,BHD,,
Youth Gazelle Indoor,32.33,adidas Originals,BHD,49.76,-36%
Infant Crocband Cruiser Sandals,21.52,crocs,BHD,,
Kids Microspec Velocity,20.26,SKECHERS,BHD,,
Youth Jordan Sixty Plus Low Bg,72.73,Jordan,BHD,,
Youth Jordan Sixty Plus Low Bg,72.73,Jordan,BHD,,
Kids Garage,30.39,SKECHERS,BHD,,
Youth Jordan Franchise Slide Bg,18.1,Jordan,BHD,,
Kids Superstar Ii Cf,42,adidas Originals,BHD,,
Kids Microspec Tread,20.26,SKECHERS,BHD,,
Youth Air Max Bia Bg,52.25,Nike,BHD,,
AIR ZOOM PEGASUS 42 GS,61.35,Nike,BHD,,
Kids F50 Messi Club Tf,30.62,Adidas,BHD,,
Kids Grand Court Spider-Man El,30.62,Adidas,BHD,,
Jordan Session,40.87,Jordan,BHD,,
Kids Inverse Mimikyu Ps,49.97,PUMA,BHD,,
Kids Suede Xl Super Ps,35.17,PUMA,BHD,,
Kids Lightorama Court El,35.17,Adidas,BHD,,
Youth Jordan Spizike Low Bg,69.32,Jordan,BHD,,
NIKE STELLAR RIDE PSV,24.93,Nike,BHD,35.17,-30%
Youth Air Max Dn Bg,52.93,Nike,BHD,70.35,-25%
Youth Air Max 90 Ltr Gs,61.35,Nike,BHD,,
Youth Stellar Ride Gs,40.87,Nike,BHD,,
Youth Pacific Gs,44.28,Nike,BHD,,
Jordan 23/7.2 EasyOn SE,49.97,Jordan,BHD,,
Youth Handball Spezial,49.97,adidas Originals,BHD,,
Kids Tri-Namics 2.0,26.86,SKECHERS,BHD,,
Youth V5 Rnr Bg,32.9,Nike,BHD,46.55,-30%
Kids Jordan 1 Low Alt Bp,32.9,Jordan,BHD,46.55,-30%
Youth P-6000 Br Bg,39.27,Nike,BHD,55.66,-30%
Infant Lightorama Court El,29.48,Adidas,BHD,,
Youth Air Jordan 1 Mid Se Bg,69.32,Jordan,BHD,,
Youth 327,46.55,New Balance,BHD,,
Youth Sonic Fly Gs,40.87,Nike,BHD,,
Youth Ultimashow 2.0 Mer,29.48,Adidas,BHD,,
Junior Anthony Edwards 1 J Low,52.36,Adidas,BHD,,
Kids Air Max Bia Bp,40.87,Nike,BHD,,
Kids Tensaur Sport 3.0 Cf,22.65,Adidas,BHD,,
Kids Suede Classic V Ps,30.62,PUMA,BHD,,
Kids Air Max Bia Bp,40.87,Nike,BHD,,
Toddler Classic Clogs,18.1,crocs,BHD,,
Toddler Classic Clogs,18.1,crocs,BHD,,
Youth Bgs Ascend,25.27,UNDER ARMOUR,BHD,27.00,-7%
Kids Rush Runner Slip-On,15.94,Reebok,BHD,21.57,-27%
